Station_ID,Year, Month, Monthly_MSL, Linear_Trend, High_Conf., Low_Conf.
"Dauphin Island, AL",1966,4,-0.088,-0.097,-0.077,-0.116
"Dauphin Island, AL",1966,7,-0.092,-0.096,-0.076,-0.115
"Dauphin Island, AL",1966,8,-0.12,-0.095,-0.076,-0.115
"Dauphin Island, AL",1966,11,-0.139,-0.094,-0.075,-0.114
"Dauphin Island, AL",1966,12,-0.119,-0.094,-0.074,-0.113
"Dauphin Island, AL",1967,1,-0.099,-0.094,-0.074,-0.113
"Dauphin Island, AL",1967,2,-0.091,-0.093,-0.074,-0.113
"Dauphin Island, AL",1967,3,-0.113,-0.093,-0.074,-0.112
"Dauphin Island, AL",1967,4,-0.079,-0.093,-0.073,-0.112
"Dauphin Island, AL",1967,5,-0.086,-0.092,-0.073,-0.111
"Dauphin Island, AL",1967,6,-0.013,-0.092,-0.073,-0.111
"Dauphin Island, AL",1967,7,-0.067,-0.091,-0.072,-0.111
"Dauphin Island, AL",1967,8,-0.043,-0.091,-0.072,-0.11
"Dauphin Island, AL",1967,9,-0.085,-0.091,-0.072,-0.11
"Dauphin Island, AL",1967,10,-0.126,-0.09,-0.071,-0.109
"Dauphin Island, AL",1967,11,-0.081,-0.09,-0.071,-0.109
"Dauphin Island, AL",1967,12,0.015,-0.09,-0.071,-0.109
"Dauphin Island, AL",1968,1,-0.017,-0.089,-0.071,-0.108
"Dauphin Island, AL",1968,2,-0.106,-0.089,-0.07,-0.108
"Dauphin Island, AL",1968,3,-0.144,-0.089,-0.07,-0.107
"Dauphin Island, AL",1968,4,-0.112,-0.088,-0.07,-0.107
"Dauphin Island, AL",1968,5,-0.154,-0.088,-0.069,-0.107
"Dauphin Island, AL",1968,6,-0.175,-0.088,-0.069,-0.106
"Dauphin Island, AL",1968,7,-0.074,-0.087,-0.069,-0.106
"Dauphin Island, AL",1968,8,-0.062,-0.087,-0.068,-0.106
"Dauphin Island, AL",1968,9,-0.109,-0.087,-0.068,-0.105
"Dauphin Island, AL",1968,10,-0.135,-0.086,-0.068,-0.105
"Dauphin Island, AL",1968,11,-0.179,-0.086,-0.068,-0.104
"Dauphin Island, AL",1968,12,-0.153,-0.086,-0.067,-0.104
"Dauphin Island, AL",1969,1,-0.053,-0.085,-0.067,-0.104
"Dauphin Island, AL",1969,2,-0.002,-0.085,-0.067,-0.103
"Dauphin Island, AL",1969,3,-0.104,-0.085,-0.066,-0.103
"Dauphin Island, AL",1969,7,-0.128,-0.083,-0.065,-0.101
"Dauphin Island, AL",1969,8,-0.059,-0.083,-0.065,-0.101
"Dauphin Island, AL",1971,6,-0.211,-0.075,-0.058,-0.092
"Dauphin Island, AL",1971,7,-0.119,-0.075,-0.058,-0.092
"Dauphin Island, AL",1971,8,-0.092,-0.075,-0.058,-0.092
"Dauphin Island, AL",1971,9,-0.048,-0.074,-0.057,-0.091
"Dauphin Island, AL",1971,10,-0.059,-0.074,-0.057,-0.091
"Dauphin Island, AL",1971,11,0.005,-0.074,-0.057,-0.09
"Dauphin Island, AL",1971,12,0.07,-0.073,-0.056,-0.09
"Dauphin Island, AL",1972,1,0.063,-0.073,-0.056,-0.09
"Dauphin Island, AL",1972,2,-0.087,-0.073,-0.056,-0.089
"Dauphin Island, AL",1972,3,-0.037,-0.072,-0.056,-0.089
"Dauphin Island, AL",1972,4,-0.03,-0.072,-0.055,-0.089
"Dauphin Island, AL",1972,5,0.005,-0.072,-0.055,-0.088
"Dauphin Island, AL",1972,6,-0.004,-0.071,-0.055,-0.088
"Dauphin Island, AL",1972,7,0.003,-0.071,-0.054,-0.087
"Dauphin Island, AL",1972,8,-0.101,-0.071,-0.054,-0.087
"Dauphin Island, AL",1972,9,-0.051,-0.07,-0.054,-0.087
"Dauphin Island, AL",1972,10,-0.001,-0.07,-0.053,-0.086
"Dauphin Island, AL",1972,11,-0.033,-0.069,-0.053,-0.086
"Dauphin Island, AL",1972,12,-0.028,-0.069,-0.053,-0.085
"Dauphin Island, AL",1973,1,0.06,-0.069,-0.052,-0.085
"Dauphin Island, AL",1973,2,0.013,-0.068,-0.052,-0.085
"Dauphin Island, AL",1973,3,0.106,-0.068,-0.052,-0.084
"Dauphin Island, AL",1973,4,0.078,-0.068,-0.052,-0.084
"Dauphin Island, AL",1973,5,-0.056,-0.067,-0.051,-0.084
"Dauphin Island, AL",1973,6,-0.056,-0.067,-0.051,-0.083
"Dauphin Island, AL",1973,7,-0.101,-0.067,-0.051,-0.083
"Dauphin Island, AL",1973,8,-0.071,-0.066,-0.05,-0.082
"Dauphin Island, AL",1973,9,-0.042,-0.066,-0.05,-0.082
"Dauphin Island, AL",1973,10,-0.019,-0.066,-0.05,-0.082
"Dauphin Island, AL",1973,11,0.023,-0.065,-0.049,-0.081
"Dauphin Island, AL",1973,12,-0.01,-0.065,-0.049,-0.081
"Dauphin Island, AL",1974,1,0.063,-0.065,-0.049,-0.08
"Dauphin Island, AL",1974,2,0.013,-0.064,-0.049,-0.08
"Dauphin Island, AL",1974,3,-0.034,-0.064,-0.048,-0.08
"Dauphin Island, AL",1974,4,0.023,-0.064,-0.048,-0.079
"Dauphin Island, AL",1974,5,0.029,-0.063,-0.048,-0.079
"Dauphin Island, AL",1974,6,0.017,-0.063,-0.047,-0.079
"Dauphin Island, AL",1974,7,-0.07,-0.063,-0.047,-0.078
"Dauphin Island, AL",1974,8,-0.049,-0.062,-0.047,-0.078
"Dauphin Island, AL",1974,9,0.001,-0.062,-0.046,-0.077
"Dauphin Island, AL",1974,10,-0.031,-0.062,-0.046,-0.077
"Dauphin Island, AL",1974,11,-0.072,-0.061,-0.046,-0.077
"Dauphin Island, AL",1974,12,-0.031,-0.061,-0.046,-0.076
"Dauphin Island, AL",1975,2,0.092,-0.06,-0.045,-0.075
"Dauphin Island, AL",1975,3,0.055,-0.06,-0.045,-0.075
"Dauphin Island, AL",1975,4,0.029,-0.06,-0.044,-0.075
"Dauphin Island, AL",1976,1,-0.084,-0.056,-0.042,-0.071
"Dauphin Island, AL",1976,2,-0.112,-0.056,-0.041,-0.071
"Dauphin Island, AL",1976,3,-0.046,-0.056,-0.041,-0.071
"Dauphin Island, AL",1976,4,0.008,-0.055,-0.041,-0.07
"Dauphin Island, AL",1976,5,-0.013,-0.055,-0.04,-0.07
"Dauphin Island, AL",1976,6,0.014,-0.055,-0.04,-0.069
"Dauphin Island, AL",1976,7,-0.089,-0.054,-0.04,-0.069
"Dauphin Island, AL",1976,8,-0.107,-0.054,-0.039,-0.069
"Dauphin Island, AL",1976,9,-0.118,-0.054,-0.039,-0.068
"Dauphin Island, AL",1976,10,-0.163,-0.053,-0.039,-0.068
"Dauphin Island, AL",1976,11,-0.182,-0.053,-0.038,-0.067
"Dauphin Island, AL",1976,12,-0.113,-0.053,-0.038,-0.067
"Dauphin Island, AL",1977,1,-0.114,-0.052,-0.038,-0.067
"Dauphin Island, AL",1977,2,-0.145,-0.052,-0.038,-0.066
"Dauphin Island, AL",1977,3,-0.034,-0.052,-0.037,-0.066
"Dauphin Island, AL",1977,4,-0.012,-0.051,-0.037,-0.066
"Dauphin Island, AL",1977,5,-0.007,-0.051,-0.037,-0.065
"Dauphin Island, AL",1977,6,-0.093,-0.051,-0.036,-0.065
"Dauphin Island, AL",1977,7,-0.08,-0.05,-0.036,-0.064
"Dauphin Island, AL",1977,8,0.011,-0.05,-0.036,-0.064
"Dauphin Island, AL",1977,9,0.022,-0.05,-0.035,-0.064
"Dauphin Island, AL",1977,10,-0.083,-0.049,-0.035,-0.063
"Dauphin Island, AL",1977,11,0.023,-0.049,-0.035,-0.063
"Dauphin Island, AL",1977,12,-0.034,-0.049,-0.035,-0.062
"Dauphin Island, AL",1978,1,-0.096,-0.048,-0.034,-0.062
"Dauphin Island, AL",1978,2,-0.082,-0.048,-0.034,-0.062
"Dauphin Island, AL",1978,3,-0.123,-0.047,-0.034,-0.061
"Dauphin Island, AL",1978,4,-0.106,-0.047,-0.033,-0.061
"Dauphin Island, AL",1978,5,-0.001,-0.047,-0.033,-0.061
"Dauphin Island, AL",1978,6,-0.041,-0.046,-0.033,-0.06
"Dauphin Island, AL",1978,7,-0.052,-0.046,-0.032,-0.06
"Dauphin Island, AL",1978,8,-0.071,-0.046,-0.032,-0.059
"Dauphin Island, AL",1978,9,-0.06,-0.045,-0.032,-0.059
"Dauphin Island, AL",1978,10,-0.059,-0.045,-0.031,-0.059
"Dauphin Island, AL",1978,11,-0.008,-0.045,-0.031,-0.058
"Dauphin Island, AL",1978,12,-0.04,-0.044,-0.031,-0.058
"Dauphin Island, AL",1979,1,-0.059,-0.044,-0.031,-0.058
"Dauphin Island, AL",1979,2,-0.072,-0.044,-0.03,-0.057
"Dauphin Island, AL",1979,3,0.048,-0.043,-0.03,-0.057
"Dauphin Island, AL",1979,4,0.108,-0.043,-0.03,-0.056
"Dauphin Island, AL",1979,5,-0.035,-0.043,-0.029,-0.056
"Dauphin Island, AL",1979,6,-0.029,-0.042,-0.029,-0.056
"Dauphin Island, AL",1979,7,0.061,-0.042,-0.029,-0.055
"Dauphin Island, AL",1979,8,-0.001,-0.042,-0.028,-0.055
"Dauphin Island, AL",1979,9,0.028,-0.041,-0.028,-0.055
"Dauphin Island, AL",1979,10,-0.074,-0.041,-0.028,-0.054
"Dauphin Island, AL",1979,11,-0.088,-0.041,-0.027,-0.054
"Dauphin Island, AL",1979,12,-0.052,-0.04,-0.027,-0.053
"Dauphin Island, AL",1980,1,0.054,-0.04,-0.027,-0.053
"Dauphin Island, AL",1980,2,-0.017,-0.04,-0.026,-0.053
"Dauphin Island, AL",1980,3,-0.016,-0.039,-0.026,-0.052
"Dauphin Island, AL",1980,4,0.044,-0.039,-0.026,-0.052
"Dauphin Island, AL",1980,5,-0.025,-0.039,-0.026,-0.052
"Dauphin Island, AL",1980,6,-0.068,-0.038,-0.025,-0.051
"Dauphin Island, AL",1980,7,-0.07,-0.038,-0.025,-0.051
"Dauphin Island, AL",1980,8,-0.049,-0.038,-0.025,-0.05
"Dauphin Island, AL",1980,9,-0.091,-0.037,-0.024,-0.05
"Dauphin Island, AL",1980,10,-0.175,-0.037,-0.024,-0.05
"Dauphin Island, AL",1980,11,-0.063,-0.036,-0.024,-0.049
"Dauphin Island, AL",1980,12,-0.08,-0.036,-0.023,-0.049
"Dauphin Island, AL",1981,1,-0.105,-0.036,-0.023,-0.048
"Dauphin Island, AL",1981,2,-0.014,-0.035,-0.023,-0.048
"Dauphin Island, AL",1981,3,-0.064,-0.035,-0.022,-0.048
"Dauphin Island, AL",1982,1,-0.05,-0.032,-0.019,-0.044
"Dauphin Island, AL",1982,2,-0.005,-0.031,-0.019,-0.044
"Dauphin Island, AL",1982,3,-0.022,-0.031,-0.019,-0.043
"Dauphin Island, AL",1982,4,-0.088,-0.031,-0.018,-0.043
"Dauphin Island, AL",1982,5,-0.062,-0.03,-0.018,-0.042
"Dauphin Island, AL",1982,6,-0.044,-0.03,-0.018,-0.042
"Dauphin Island, AL",1982,7,-0.092,-0.03,-0.017,-0.042
"Dauphin Island, AL",1982,8,-0.083,-0.029,-0.017,-0.041
"Dauphin Island, AL",1982,9,-0.076,-0.029,-0.017,-0.041
"Dauphin Island, AL",1982,10,-0.028,-0.029,-0.017,-0.041
"Dauphin Island, AL",1982,11,-0.002,-0.028,-0.016,-0.04
"Dauphin Island, AL",1982,12,0.131,-0.028,-0.016,-0.04
"Dauphin Island, AL",1983,1,0.066,-0.028,-0.016,-0.039
"Dauphin Island, AL",1983,2,0.089,-0.027,-0.015,-0.039
"Dauphin Island, AL",1983,3,0.067,-0.027,-0.015,-0.039
"Dauphin Island, AL",1983,4,0.038,-0.026,-0.015,-0.038
"Dauphin Island, AL",1983,5,0.054,-0.026,-0.014,-0.038
"Dauphin Island, AL",1983,6,0.042,-0.026,-0.014,-0.038
"Dauphin Island, AL",1983,7,0,-0.025,-0.014,-0.037
"Dauphin Island, AL",1983,8,-0.04,-0.025,-0.013,-0.037
"Dauphin Island, AL",1983,9,-0.076,-0.025,-0.013,-0.036
"Dauphin Island, AL",1983,10,-0.013,-0.024,-0.013,-0.036
"Dauphin Island, AL",1983,11,0.029,-0.024,-0.012,-0.036
"Dauphin Island, AL",1983,12,0.015,-0.024,-0.012,-0.035
"Dauphin Island, AL",1984,1,0.014,-0.023,-0.012,-0.035
"Dauphin Island, AL",1984,2,-0.039,-0.023,-0.012,-0.035
"Dauphin Island, AL",1984,3,-0.052,-0.023,-0.011,-0.034
"Dauphin Island, AL",1984,4,-0.036,-0.022,-0.011,-0.034
"Dauphin Island, AL",1984,5,-0.01,-0.022,-0.011,-0.034
"Dauphin Island, AL",1984,6,-0.01,-0.022,-0.01,-0.033
"Dauphin Island, AL",1984,7,0.033,-0.021,-0.01,-0.033
"Dauphin Island, AL",1984,8,-0.01,-0.021,-0.01,-0.032
"Dauphin Island, AL",1984,9,-0.045,-0.021,-0.009,-0.032
"Dauphin Island, AL",1984,10,0.014,-0.02,-0.009,-0.032
"Dauphin Island, AL",1984,11,0.005,-0.02,-0.009,-0.031
"Dauphin Island, AL",1984,12,0.057,-0.02,-0.008,-0.031
"Dauphin Island, AL",1985,1,-0.044,-0.019,-0.008,-0.031
"Dauphin Island, AL",1985,2,-0.023,-0.019,-0.008,-0.03
"Dauphin Island, AL",1985,3,-0.022,-0.019,-0.007,-0.03
"Dauphin Island, AL",1985,4,-0.051,-0.018,-0.007,-0.029
"Dauphin Island, AL",1985,5,-0.032,-0.018,-0.007,-0.029
"Dauphin Island, AL",1985,6,-0.093,-0.018,-0.006,-0.029
"Dauphin Island, AL",1985,7,-0.067,-0.017,-0.006,-0.028
"Dauphin Island, AL",1985,8,0.066,-0.017,-0.006,-0.028
"Dauphin Island, AL",1985,9,-0.009,-0.017,-0.005,-0.028
"Dauphin Island, AL",1985,10,0.106,-0.016,-0.005,-0.027
"Dauphin Island, AL",1985,11,0.045,-0.016,-0.005,-0.027
"Dauphin Island, AL",1985,12,-0.043,-0.015,-0.005,-0.026
"Dauphin Island, AL",1986,1,-0.059,-0.015,-0.004,-0.026
"Dauphin Island, AL",1986,2,0.01,-0.015,-0.004,-0.026
"Dauphin Island, AL",1986,3,-0.086,-0.014,-0.004,-0.025
"Dauphin Island, AL",1986,4,-0.051,-0.014,-0.003,-0.025
"Dauphin Island, AL",1986,5,0.032,-0.014,-0.003,-0.025
"Dauphin Island, AL",1986,6,-0.004,-0.013,-0.003,-0.024
"Dauphin Island, AL",1986,7,-0.077,-0.013,-0.002,-0.024
"Dauphin Island, AL",1986,8,-0.098,-0.013,-0.002,-0.024
"Dauphin Island, AL",1986,9,-0.033,-0.012,-0.002,-0.023
"Dauphin Island, AL",1986,10,0.029,-0.012,-0.001,-0.023
"Dauphin Island, AL",1986,11,0.048,-0.012,-0.001,-0.022
"Dauphin Island, AL",1986,12,0.03,-0.011,-0.001,-0.022
"Dauphin Island, AL",1987,1,-0.01,-0.011,0,-0.022
"Dauphin Island, AL",1987,2,0.041,-0.011,0,-0.021
"Dauphin Island, AL",1987,3,0.115,-0.01,0,-0.021
"Dauphin Island, AL",1987,4,-0.146,-0.01,0.001,-0.021
"Dauphin Island, AL",1987,5,-0.062,-0.01,0.001,-0.02
"Dauphin Island, AL",1987,6,0.008,-0.009,0.001,-0.02
"Dauphin Island, AL",1987,7,0.027,-0.009,0.002,-0.02
"Dauphin Island, AL",1987,8,-0.089,-0.009,0.002,-0.019
"Dauphin Island, AL",1987,9,-0.1,-0.008,0.002,-0.019
"Dauphin Island, AL",1987,10,-0.19,-0.008,0.003,-0.018
"Dauphin Island, AL",1987,11,-0.027,-0.008,0.003,-0.018
"Dauphin Island, AL",1987,12,-0.007,-0.007,0.003,-0.018
"Dauphin Island, AL",1988,1,-0.05,-0.007,0.004,-0.017
"Dauphin Island, AL",1988,2,-0.084,-0.007,0.004,-0.017
"Dauphin Island, AL",1988,3,-0.107,-0.006,0.004,-0.017
"Dauphin Island, AL",1988,4,-0.064,-0.006,0.004,-0.016
"Dauphin Island, AL",1988,5,-0.114,-0.006,0.005,-0.016
"Dauphin Island, AL",1988,6,-0.062,-0.005,0.005,-0.016
"Dauphin Island, AL",1988,7,-0.064,-0.005,0.005,-0.015
"Dauphin Island, AL",1988,8,-0.056,-0.004,0.006,-0.015
"Dauphin Island, AL",1988,9,-0.002,-0.004,0.006,-0.014
"Dauphin Island, AL",1988,10,-0.062,-0.004,0.006,-0.014
"Dauphin Island, AL",1988,11,-0.011,-0.003,0.007,-0.014
"Dauphin Island, AL",1988,12,-0.049,-0.003,0.007,-0.013
"Dauphin Island, AL",1989,1,0.032,-0.003,0.007,-0.013
"Dauphin Island, AL",1989,2,-0.048,-0.002,0.008,-0.013
"Dauphin Island, AL",1989,3,-0.009,-0.002,0.008,-0.012
"Dauphin Island, AL",1989,4,-0.076,-0.002,0.008,-0.012
"Dauphin Island, AL",1989,5,-0.096,-0.001,0.009,-0.012
"Dauphin Island, AL",1989,6,0.035,-0.001,0.009,-0.011
"Dauphin Island, AL",1989,7,0.042,-0.001,0.009,-0.011
"Dauphin Island, AL",1989,8,-0.004,0,0.01,-0.01
"Dauphin Island, AL",1989,9,-0.036,0,0.01,-0.01
"Dauphin Island, AL",1989,10,-0.092,0,0.01,-0.01
"Dauphin Island, AL",1989,11,-0.063,0.001,0.011,-0.009
"Dauphin Island, AL",1989,12,-0.132,0.001,0.011,-0.009
"Dauphin Island, AL",1990,1,-0.029,0.001,0.011,-0.009
"Dauphin Island, AL",1990,2,0.074,0.002,0.012,-0.008
"Dauphin Island, AL",1990,3,0.112,0.002,0.012,-0.008
"Dauphin Island, AL",1990,4,-0.012,0.002,0.012,-0.008
"Dauphin Island, AL",1990,5,0.032,0.003,0.013,-0.007
"Dauphin Island, AL",1990,6,-0.025,0.003,0.013,-0.007
"Dauphin Island, AL",1990,7,0.009,0.003,0.013,-0.007
"Dauphin Island, AL",1990,8,0.002,0.004,0.014,-0.006
"Dauphin Island, AL",1990,9,-0.076,0.004,0.014,-0.006
"Dauphin Island, AL",1990,10,-0.038,0.004,0.014,-0.005
"Dauphin Island, AL",1990,11,0.06,0.005,0.015,-0.005
"Dauphin Island, AL",1990,12,-0.001,0.005,0.015,-0.005
"Dauphin Island, AL",1991,1,0.041,0.005,0.015,-0.004
"Dauphin Island, AL",1991,2,-0.066,0.006,0.016,-0.004
"Dauphin Island, AL",1991,3,0.036,0.006,0.016,-0.004
"Dauphin Island, AL",1991,4,0.075,0.007,0.016,-0.003
"Dauphin Island, AL",1991,5,0.173,0.007,0.017,-0.003
"Dauphin Island, AL",1991,6,0.039,0.007,0.017,-0.003
"Dauphin Island, AL",1991,7,-0.003,0.008,0.017,-0.002
"Dauphin Island, AL",1991,8,-0.04,0.008,0.018,-0.002
"Dauphin Island, AL",1991,9,-0.002,0.008,0.018,-0.002
"Dauphin Island, AL",1991,10,0.011,0.009,0.018,-0.001
"Dauphin Island, AL",1991,11,-0.033,0.009,0.019,-0.001
"Dauphin Island, AL",1991,12,-0.031,0.009,0.019,0
"Dauphin Island, AL",1992,1,0.035,0.01,0.019,0
"Dauphin Island, AL",1992,2,0.086,0.01,0.02,0
"Dauphin Island, AL",1992,3,-0.034,0.01,0.02,0.001
"Dauphin Island, AL",1992,4,-0.039,0.011,0.02,0.001
"Dauphin Island, AL",1992,5,-0.102,0.011,0.021,0.001
"Dauphin Island, AL",1992,6,0.008,0.011,0.021,0.002
"Dauphin Island, AL",1992,7,-0.046,0.012,0.021,0.002
"Dauphin Island, AL",1992,8,-0.004,0.012,0.022,0.002
"Dauphin Island, AL",1992,9,-0.002,0.012,0.022,0.003
"Dauphin Island, AL",1992,10,0.039,0.013,0.022,0.003
"Dauphin Island, AL",1992,11,0.026,0.013,0.023,0.003
"Dauphin Island, AL",1992,12,0.045,0.013,0.023,0.004
"Dauphin Island, AL",1993,1,0.099,0.014,0.023,0.004
"Dauphin Island, AL",1993,2,0.059,0.014,0.024,0.004
"Dauphin Island, AL",1993,3,-0.07,0.014,0.024,0.005
"Dauphin Island, AL",1993,4,-0.018,0.015,0.024,0.005
"Dauphin Island, AL",1993,5,0.017,0.015,0.025,0.005
"Dauphin Island, AL",1993,6,-0.035,0.015,0.025,0.006
"Dauphin Island, AL",1993,7,-0.074,0.016,0.025,0.006
"Dauphin Island, AL",1993,8,-0.092,0.016,0.026,0.007
"Dauphin Island, AL",1993,9,-0.03,0.016,0.026,0.007
"Dauphin Island, AL",1993,10,0.023,0.017,0.026,0.007
"Dauphin Island, AL",1993,11,-0.045,0.017,0.027,0.008
"Dauphin Island, AL",1993,12,-0.001,0.018,0.027,0.008
"Dauphin Island, AL",1994,1,-0.053,0.018,0.027,0.008
"Dauphin Island, AL",1994,2,0.022,0.018,0.028,0.009
"Dauphin Island, AL",1994,3,-0.016,0.019,0.028,0.009
"Dauphin Island, AL",1994,4,0.038,0.019,0.028,0.009
"Dauphin Island, AL",1994,5,-0.045,0.019,0.029,0.01
"Dauphin Island, AL",1994,6,-0.028,0.02,0.029,0.01
"Dauphin Island, AL",1994,7,0.045,0.02,0.029,0.01
"Dauphin Island, AL",1994,8,0.064,0.02,0.03,0.011
"Dauphin Island, AL",1994,9,0.02,0.021,0.03,0.011
"Dauphin Island, AL",1994,10,0.083,0.021,0.031,0.011
"Dauphin Island, AL",1994,11,0.014,0.021,0.031,0.012
"Dauphin Island, AL",1994,12,0.044,0.022,0.031,0.012
"Dauphin Island, AL",1995,1,-0.012,0.022,0.032,0.012
"Dauphin Island, AL",1995,2,-0.102,0.022,0.032,0.013
"Dauphin Island, AL",1995,3,0.087,0.023,0.032,0.013
"Dauphin Island, AL",1995,4,0.056,0.023,0.033,0.013
"Dauphin Island, AL",1995,5,0.044,0.023,0.033,0.014
"Dauphin Island, AL",1995,6,-0.018,0.024,0.033,0.014
"Dauphin Island, AL",1995,7,0.024,0.024,0.034,0.014
"Dauphin Island, AL",1995,8,0.159,0.024,0.034,0.015
"Dauphin Island, AL",1995,9,0.091,0.025,0.034,0.015
"Dauphin Island, AL",1995,10,0.111,0.025,0.035,0.015
"Dauphin Island, AL",1995,11,-0.024,0.025,0.035,0.016
"Dauphin Island, AL",1995,12,-0.007,0.026,0.035,0.016
"Dauphin Island, AL",1996,1,-0.01,0.026,0.036,0.016
"Dauphin Island, AL",1996,2,-0.039,0.026,0.036,0.017
"Dauphin Island, AL",1996,3,-0.041,0.027,0.036,0.017
"Dauphin Island, AL",1996,4,-0.036,0.027,0.037,0.018
"Dauphin Island, AL",1996,5,-0.056,0.027,0.037,0.018
"Dauphin Island, AL",1996,6,-0.071,0.028,0.037,0.018
"Dauphin Island, AL",1996,7,-0.033,0.028,0.038,0.019
"Dauphin Island, AL",1996,8,0.017,0.029,0.038,0.019
"Dauphin Island, AL",1996,9,-0.048,0.029,0.039,0.019
"Dauphin Island, AL",1996,10,0.014,0.029,0.039,0.02
"Dauphin Island, AL",1996,11,0.072,0.03,0.039,0.02
"Dauphin Island, AL",1996,12,0.03,0.03,0.04,0.02
"Dauphin Island, AL",1997,1,0.058,0.03,0.04,0.021
"Dauphin Island, AL",1997,2,0.063,0.031,0.04,0.021
"Dauphin Island, AL",1997,3,0.057,0.031,0.041,0.021
"Dauphin Island, AL",1997,4,0.013,0.031,0.041,0.022
"Dauphin Island, AL",1997,5,-0.003,0.032,0.041,0.022
"Dauphin Island, AL",1997,6,0.061,0.032,0.042,0.022
"Dauphin Island, AL",1997,7,0.03,0.032,0.042,0.023
"Dauphin Island, AL",1997,8,0.002,0.033,0.042,0.023
"Dauphin Island, AL",1997,9,-0.034,0.033,0.043,0.023
"Dauphin Island, AL",1997,10,-0.005,0.033,0.043,0.024
"Dauphin Island, AL",1997,11,0.014,0.034,0.043,0.024
"Dauphin Island, AL",1997,12,0.057,0.034,0.044,0.024
"Dauphin Island, AL",2001,10,0.011,0.05,0.06,0.039
"Dauphin Island, AL",2001,11,0.062,0.05,0.061,0.04
"Dauphin Island, AL",2001,12,0.066,0.051,0.061,0.04
"Dauphin Island, AL",2002,1,-0.016,0.051,0.061,0.04
"Dauphin Island, AL",2002,2,0,0.051,0.062,0.041
"Dauphin Island, AL",2002,3,0.004,0.052,0.062,0.041
"Dauphin Island, AL",2002,4,0.011,0.052,0.062,0.041
"Dauphin Island, AL",2002,5,0.015,0.052,0.063,0.042
"Dauphin Island, AL",2002,6,0.048,0.053,0.063,0.042
"Dauphin Island, AL",2002,7,0.014,0.053,0.064,0.042
"Dauphin Island, AL",2002,8,0.068,0.053,0.064,0.043
"Dauphin Island, AL",2002,9,0.124,0.054,0.064,0.043
"Dauphin Island, AL",2002,10,0.088,0.054,0.065,0.043
"Dauphin Island, AL",2002,11,-0.043,0.054,0.065,0.044
"Dauphin Island, AL",2002,12,-0.026,0.055,0.065,0.044
"Dauphin Island, AL",2003,1,-0.06,0.055,0.066,0.044
"Dauphin Island, AL",2003,2,0.039,0.055,0.066,0.044
"Dauphin Island, AL",2003,3,0.116,0.056,0.067,0.045
"Dauphin Island, AL",2003,4,0.032,0.056,0.067,0.045
"Dauphin Island, AL",2003,5,0.082,0.056,0.067,0.045
"Dauphin Island, AL",2003,6,0.079,0.057,0.068,0.046
"Dauphin Island, AL",2003,7,0.127,0.057,0.068,0.046
"Dauphin Island, AL",2003,8,0.1,0.057,0.068,0.046
"Dauphin Island, AL",2003,9,0.136,0.058,0.069,0.047
"Dauphin Island, AL",2003,10,0.111,0.058,0.069,0.047
"Dauphin Island, AL",2003,11,0.126,0.058,0.069,0.047
"Dauphin Island, AL",2003,12,0.058,0.059,0.07,0.048
"Dauphin Island, AL",2004,1,0.047,0.059,0.07,0.048
"Dauphin Island, AL",2004,2,0.051,0.059,0.071,0.048
"Dauphin Island, AL",2004,3,0.009,0.06,0.071,0.049
"Dauphin Island, AL",2004,4,-0.05,0.06,0.071,0.049
"Dauphin Island, AL",2004,5,0.028,0.06,0.072,0.049
"Dauphin Island, AL",2004,6,0.043,0.061,0.072,0.05
"Dauphin Island, AL",2004,7,0.035,0.061,0.072,0.05
"Dauphin Island, AL",2004,8,0,0.062,0.073,0.05
"Dauphin Island, AL",2004,9,0.012,0.062,0.073,0.051
"Dauphin Island, AL",2004,10,0.054,0.062,0.074,0.051
"Dauphin Island, AL",2004,11,0.14,0.063,0.074,0.051
"Dauphin Island, AL",2004,12,0.011,0.063,0.074,0.051
"Dauphin Island, AL",2005,1,0.101,0.063,0.075,0.052
"Dauphin Island, AL",2005,2,0.161,0.064,0.075,0.052
"Dauphin Island, AL",2005,3,0.009,0.064,0.075,0.052
"Dauphin Island, AL",2005,4,0.094,0.064,0.076,0.053
"Dauphin Island, AL",2005,5,0.07,0.065,0.076,0.053
"Dauphin Island, AL",2005,6,0.145,0.065,0.077,0.053
"Dauphin Island, AL",2005,7,0.153,0.065,0.077,0.054
"Dauphin Island, AL",2005,8,0.109,0.066,0.077,0.054
"Dauphin Island, AL",2005,9,0.111,0.066,0.078,0.054
"Dauphin Island, AL",2005,10,-0.006,0.066,0.078,0.055
"Dauphin Island, AL",2005,11,-0.047,0.067,0.078,0.055
"Dauphin Island, AL",2005,12,-0.039,0.067,0.079,0.055
"Dauphin Island, AL",2006,1,0.001,0.067,0.079,0.056
"Dauphin Island, AL",2006,2,0.017,0.068,0.079,0.056
"Dauphin Island, AL",2006,3,0.035,0.068,0.08,0.056
"Dauphin Island, AL",2006,4,0.005,0.068,0.08,0.057
"Dauphin Island, AL",2006,5,0.006,0.069,0.081,0.057
"Dauphin Island, AL",2006,6,0.001,0.069,0.081,0.057
"Dauphin Island, AL",2006,7,0.01,0.069,0.081,0.057
"Dauphin Island, AL",2006,8,0.008,0.07,0.082,0.058
"Dauphin Island, AL",2006,9,-0.012,0.07,0.082,0.058
"Dauphin Island, AL",2006,10,0.002,0.07,0.082,0.058
"Dauphin Island, AL",2006,11,-0.043,0.071,0.083,0.059
"Dauphin Island, AL",2006,12,-0.033,0.071,0.083,0.059
"Dauphin Island, AL",2007,1,-0.001,0.071,0.084,0.059
"Dauphin Island, AL",2007,2,-0.062,0.072,0.084,0.06
"Dauphin Island, AL",2007,3,-0.046,0.072,0.084,0.06
"Dauphin Island, AL",2007,4,-0.026,0.073,0.085,0.06
"Dauphin Island, AL",2007,5,0.051,0.073,0.085,0.061
"Dauphin Island, AL",2007,6,0.034,0.073,0.085,0.061
"Dauphin Island, AL",2007,7,0.01,0.074,0.086,0.061
"Dauphin Island, AL",2007,8,0.041,0.074,0.086,0.062
"Dauphin Island, AL",2007,9,0.002,0.074,0.087,0.062
"Dauphin Island, AL",2007,10,0.071,0.075,0.087,0.062
"Dauphin Island, AL",2007,11,-0.029,0.075,0.087,0.062
"Dauphin Island, AL",2007,12,-0.013,0.075,0.088,0.063
"Dauphin Island, AL",2008,1,-0.022,0.076,0.088,0.063
"Dauphin Island, AL",2008,2,0.001,0.076,0.088,0.063
"Dauphin Island, AL",2008,3,-0.007,0.076,0.089,0.064
"Dauphin Island, AL",2008,4,0.019,0.077,0.089,0.064
"Dauphin Island, AL",2008,5,0.048,0.077,0.09,0.064
"Dauphin Island, AL",2008,6,0.035,0.077,0.09,0.065
"Dauphin Island, AL",2008,7,0.061,0.078,0.09,0.065
"Dauphin Island, AL",2008,8,0.007,0.078,0.091,0.065
"Dauphin Island, AL",2008,9,0.195,0.078,0.091,0.066
"Dauphin Island, AL",2008,10,0.058,0.079,0.092,0.066
"Dauphin Island, AL",2008,11,0.005,0.079,0.092,0.066
"Dauphin Island, AL",2008,12,0.027,0.079,0.092,0.067
"Dauphin Island, AL",2009,1,-0.006,0.08,0.093,0.067
"Dauphin Island, AL",2009,2,-0.002,0.08,0.093,0.067
"Dauphin Island, AL",2009,3,0.094,0.08,0.093,0.067
"Dauphin Island, AL",2009,4,0.084,0.081,0.094,0.068
"Dauphin Island, AL",2009,5,0.096,0.081,0.094,0.068
"Dauphin Island, AL",2009,6,0.036,0.081,0.095,0.068
"Dauphin Island, AL",2009,7,0.048,0.082,0.095,0.069
"Dauphin Island, AL",2009,8,0.087,0.082,0.095,0.069
"Dauphin Island, AL",2009,9,0.16,0.082,0.096,0.069
"Dauphin Island, AL",2009,10,0.132,0.083,0.096,0.07
"Dauphin Island, AL",2009,11,0.163,0.083,0.096,0.07
"Dauphin Island, AL",2009,12,0.16,0.084,0.097,0.07
"Dauphin Island, AL",2010,1,0.057,0.084,0.097,0.071
"Dauphin Island, AL",2010,2,0.07,0.084,0.098,0.071
"Dauphin Island, AL",2010,3,0.005,0.085,0.098,0.071
"Dauphin Island, AL",2010,4,-0.001,0.085,0.098,0.071
"Dauphin Island, AL",2010,5,0.081,0.085,0.099,0.072
"Dauphin Island, AL",2010,6,0.113,0.086,0.099,0.072
"Dauphin Island, AL",2010,7,0.176,0.086,0.099,0.072
"Dauphin Island, AL",2010,8,0.119,0.086,0.1,0.073
"Dauphin Island, AL",2010,9,0.118,0.087,0.1,0.073
"Dauphin Island, AL",2010,10,-0.031,0.087,0.101,0.073
"Dauphin Island, AL",2010,11,0.034,0.087,0.101,0.074
"Dauphin Island, AL",2010,12,-0.107,0.088,0.101,0.074
"Dauphin Island, AL",2011,1,-0.045,0.088,0.102,0.074
"Dauphin Island, AL",2011,2,-0.037,0.088,0.102,0.075
"Dauphin Island, AL",2011,3,0.088,0.089,0.102,0.075
"Dauphin Island, AL",2011,4,0.068,0.089,0.103,0.075
"Dauphin Island, AL",2011,5,0.036,0.089,0.103,0.075
"Dauphin Island, AL",2011,6,0.047,0.09,0.104,0.076
"Dauphin Island, AL",2011,7,0.103,0.09,0.104,0.076
"Dauphin Island, AL",2011,8,0.034,0.09,0.104,0.076
"Dauphin Island, AL",2011,9,0.047,0.091,0.105,0.077
"Dauphin Island, AL",2011,10,-0.004,0.091,0.105,0.077
"Dauphin Island, AL",2011,11,0.071,0.091,0.106,0.077
"Dauphin Island, AL",2011,12,0.097,0.092,0.106,0.078
"Dauphin Island, AL",2012,1,0.066,0.092,0.106,0.078
"Dauphin Island, AL",2012,2,0.101,0.092,0.107,0.078
"Dauphin Island, AL",2012,3,0.119,0.093,0.107,0.079
"Dauphin Island, AL",2012,4,0.086,0.093,0.107,0.079
"Dauphin Island, AL",2012,5,0.099,0.093,0.108,0.079
"Dauphin Island, AL",2012,6,0.202,0.094,0.108,0.079
"Dauphin Island, AL",2012,7,0.154,0.094,0.109,0.08
"Dauphin Island, AL",2012,8,0.189,0.095,0.109,0.08
"Dauphin Island, AL",2012,9,0.077,0.095,0.109,0.08
"Dauphin Island, AL",2012,10,0.034,0.095,0.11,0.081
"Dauphin Island, AL",2012,11,0.068,0.096,0.11,0.081
"Dauphin Island, AL",2012,12,0.091,0.096,0.11,0.081
"Dauphin Island, AL",2013,1,0.101,0.096,0.111,0.082
"Dauphin Island, AL",2013,2,0.136,0.097,0.111,0.082
"Dauphin Island, AL",2013,3,0.072,0.097,0.112,0.082
"Dauphin Island, AL",2013,4,0.103,0.097,0.112,0.083
"Dauphin Island, AL",2013,5,0.076,0.098,0.112,0.083
"Dauphin Island, AL",2013,6,0.085,0.098,0.113,0.083
"Dauphin Island, AL",2013,7,0.175,0.098,0.113,0.083
"Dauphin Island, AL",2013,8,0.13,0.099,0.114,0.084
"Dauphin Island, AL",2013,9,0.095,0.099,0.114,0.084
"Dauphin Island, AL",2013,10,0.119,0.099,0.114,0.084
"Dauphin Island, AL",2013,11,0.128,0.1,0.115,0.085
"Dauphin Island, AL",2013,12,0.091,0.1,0.115,0.085
"Dauphin Island, AL",2014,1,0.005,0.1,0.115,0.085
"Dauphin Island, AL",2014,2,0.065,0.101,0.116,0.086
"Dauphin Island, AL",2014,3,0.04,0.101,0.116,0.086
"Dauphin Island, AL",2014,4,0.12,0.101,0.117,0.086
"Dauphin Island, AL",2014,5,0.115,0.102,0.117,0.086
"Dauphin Island, AL",2014,6,0.116,0.102,0.117,0.087
"Dauphin Island, AL",2014,7,0.014,0.102,0.118,0.087
"Dauphin Island, AL",2014,8,0.056,0.103,0.118,0.087
"Dauphin Island, AL",2014,9,0.094,0.103,0.119,0.088
"Dauphin Island, AL",2014,10,0.07,0.103,0.119,0.088
"Dauphin Island, AL",2014,11,0.033,0.104,0.119,0.088
"Dauphin Island, AL",2014,12,0.152,0.104,0.12,0.089
"Dauphin Island, AL",2015,1,0.077,0.104,0.12,0.089
"Dauphin Island, AL",2015,2,0.051,0.105,0.12,0.089
"Dauphin Island, AL",2015,3,0.023,0.105,0.121,0.09
"Dauphin Island, AL",2015,4,0.092,0.106,0.121,0.09
"Dauphin Island, AL",2015,5,0.107,0.106,0.122,0.09
"Dauphin Island, AL",2015,6,0.066,0.106,0.122,0.09
"Dauphin Island, AL",2015,7,0.037,0.107,0.122,0.091
"Dauphin Island, AL",2015,8,0.078,0.107,0.123,0.091
"Dauphin Island, AL",2015,9,0.056,0.107,0.123,0.091
"Dauphin Island, AL",2015,10,0.167,0.108,0.124,0.092
"Dauphin Island, AL",2015,11,0.211,0.108,0.124,0.092
"Dauphin Island, AL",2015,12,0.265,0.108,0.124,0.092
"Dauphin Island, AL",2016,1,0.221,0.109,0.125,0.093
"Dauphin Island, AL",2016,2,0.137,0.109,0.125,0.093
"Dauphin Island, AL",2016,3,0.197,0.109,0.125,0.093
"Dauphin Island, AL",2016,4,0.233,0.11,0.126,0.093
"Dauphin Island, AL",2016,5,0.181,0.11,0.126,0.094
"Dauphin Island, AL",2016,6,0.14,0.11,0.127,0.094
"Dauphin Island, AL",2016,7,0.135,0.111,0.127,0.094
"Dauphin Island, AL",2016,8,0.187,0.111,0.127,0.095
"Dauphin Island, AL",2016,9,0.161,0.111,0.128,0.095
"Dauphin Island, AL",2016,10,0.135,0.112,0.128,0.095
"Dauphin Island, AL",2016,11,0.2,0.112,0.129,0.096
"Dauphin Island, AL",2016,12,0.148,0.112,0.129,0.096
"Dauphin Island, AL",2017,1,0.221,0.113,0.129,0.096
"Dauphin Island, AL",2017,2,0.126,0.113,0.13,0.096
"Dauphin Island, AL",2017,3,0.098,0.113,0.13,0.097
"Dauphin Island, AL",2017,4,0.176,0.114,0.13,0.097
"Dauphin Island, AL",2017,5,0.086,0.114,0.131,0.097
"Dauphin Island, AL",2017,6,0.212,0.114,0.131,0.098
"Dauphin Island, AL",2017,7,0.167,0.115,0.132,0.098
"Dauphin Island, AL",2017,8,0.182,0.115,0.132,0.098
"Dauphin Island, AL",2017,9,0.086,0.115,0.132,0.099
"Dauphin Island, AL",2017,10,0.243,0.116,0.133,0.099
"Dauphin Island, AL",2017,11,0.133,0.116,0.133,0.099
"Dauphin Island, AL",2017,12,0.076,0.117,0.134,0.1
"Dauphin Island, AL",2018,1,0,0.117,0.134,0.1
"Dauphin Island, AL",2018,2,0.163,0.117,0.134,0.1
"Dauphin Island, AL",2018,3,0.161,0.118,0.135,0.1
"Dauphin Island, AL",2018,4,0.096,0.118,0.135,0.101
"Dauphin Island, AL",2018,5,0.136,0.118,0.135,0.101
"Dauphin Island, AL",2018,6,0.048,0.119,0.136,0.101
"Dauphin Island, AL",2018,7,0.128,0.119,0.136,0.102
"Dauphin Island, AL",2018,8,0.179,0.119,0.137,0.102
"Dauphin Island, AL",2018,9,0.195,0.12,0.137,0.102
"Dauphin Island, AL",2018,10,0.237,0.12,0.137,0.103
"Dauphin Island, AL",2018,11,0.135,0.12,0.138,0.103
"Dauphin Island, AL",2018,12,0.236,0.121,0.138,0.103
"Dauphin Island, AL",2019,1,0.196,0.121,0.139,0.103
"Dauphin Island, AL",2019,2,0.222,0.121,0.139,0.104
"Dauphin Island, AL",2019,3,0.168,0.122,0.139,0.104
"Dauphin Island, AL",2019,4,0.15,0.122,0.14,0.104
"Dauphin Island, AL",2019,5,0.228,0.122,0.14,0.105
"Dauphin Island, AL",2019,6,0.201,0.123,0.14,0.105
"Dauphin Island, AL",2019,7,0.24,0.123,0.141,0.105
"Dauphin Island, AL",2019,8,0.146,0.123,0.141,0.106
"Dauphin Island, AL",2019,9,0.161,0.124,0.142,0.106
"Dauphin Island, AL",2019,10,0.351,0.124,0.142,0.106
"Dauphin Island, AL",2019,11,0.2,0.124,0.142,0.106
"Dauphin Island, AL",2019,12,0.172,0.125,0.143,0.107
"Dauphin Island, AL",2020,1,0.255,0.125,0.143,0.107
"Dauphin Island, AL",2020,2,0.212,0.125,0.144,0.107
"Dauphin Island, AL",2020,3,0.22,0.126,0.144,0.108
"Dauphin Island, AL",2020,4,0.237,0.126,0.144,0.108
"Dauphin Island, AL",2020,5,0.183,0.126,0.145,0.108
"Dauphin Island, AL",2020,6,0.26,0.127,0.145,0.109
"Dauphin Island, AL",2020,7,0.182,0.127,0.145,0.109
"Dauphin Island, AL",2020,8,0.205,0.128,0.146,0.109
"Dauphin Island, AL",2020,9,0.295,0.128,0.146,0.109
"Dauphin Island, AL",2020,10,0.234,0.128,0.147,0.11
"Dauphin Island, AL",2020,11,0.217,0.129,0.147,0.11
"Dauphin Island, AL",2020,12,0.1,0.129,0.147,0.11
"Dauphin Island, AL",2021,1,0.112,0.129,0.148,0.111
"Dauphin Island, AL",2021,2,0.136,0.13,0.148,0.111
"Dauphin Island, AL",2021,3,0.179,0.13,0.149,0.111
"Dauphin Island, AL",2021,4,0.196,0.13,0.149,0.112
"Dauphin Island, AL",2021,5,0.155,0.131,0.149,0.112
"Dauphin Island, AL",2021,6,0.213,0.131,0.15,0.112
